id,actor
tt0460778,John Malkovich
tt0460778,John Goodman
tt0460778,Jacob Zachar
tt0460778,Brian Deneen
tt0460778,Skipp Sudduth
tt0460778,Jim Ortlieb
tt0460778,Dana Delany
tt0460778,Steve Haggard
tt0460778,Bryce Pegelow
tt0460778,Christina Clark
tt0463311,Michael Madsen
tt0463311,Carolina Gómez
tt0463311,Selton Mello
tt0463311,Roberto Cano
tt0463311,Carlos Alberto Riccelli
tt0463311,Eduardo Dussek
tt0463311,Similião Aurélio
tt0463311,Adriano Siri
tt0463311,Christovam Netto
tt0463311,Cesario Augusto
tt0465637,Jeff Osterhage
tt0465637,Mark Gantt
tt0465637,Branscombe Richmond
tt0465637,Ed Lauter
tt0465637,Frank Stallone
tt0465637,James Lew
tt0465637,Corbin Timbrook
tt0465637,John Brotherton
tt0465637,Johnny Nisbet
tt0465637,Monique Yates Jr.
tt0469094,Julissa Bermudez
tt0469094,Celinez Bosque
tt0469094,Judy Courtland
tt0469094,Lloyd DeLeon
tt0469094,Danny A. Gonzales
tt0469094,Steven Leon
tt0469094,Angelo Lozada
tt0469094,Nestor Miranda
tt0469094,Dawn Noel
tt0469094,Ramón Rodríguez
tt0176694,Gyula Balázsi
tt0176694,Péter Benkö
tt0176694,Ágnes Bertalan
tt0176694,Péter Blaskó
tt0176694,Ferenc Borbiczky
tt0176694,Gyula Buss
tt0176694,János Bácskai
tt0176694,László Csurka
tt0176694,Gábor Csíkos
tt0176694,Iván Dengyel
tt0247643,Carlota Sosa
tt0247643,Daniela Bascopé
tt0247643,Óscar Borda
tt0247643,Pedro Lander
tt0247643,Yvonne Reyes
tt0247643,Arlette Torres
tt0323808,Brittania Nicol
tt0323808,Henry Garrett
tt0323808,Graham McTavish
tt0323808,Jacqueline Leonard
tt0323808,James Mapes
tt0323808,Lesley Mackie
tt0323808,Clive Russell
tt0323808,Bill Murdoch
tt0323808,Kirstin Murray
tt0323808,Christopher Fosh
tt0372538,Vincent Pastore
tt0372538,Ben Curtis
tt0372538,Lora Kojovic
tt0372538,Kory Bassett
tt0372538,Tonja Walker
tt0372538,Vinny Vella
tt0372538,Gerald Bunsen
tt0372538,Mike Bash
tt0372538,Sam Bilinkas
tt0372538,Jim Bonney
